coverage,deployed_confidence,agreement_baseline,oracle
0.005,0.0,0.0,0.0
0.01,0.0,0.0,0.0
0.015,0.0,0.0,0.0
0.02,0.0,0.0,0.0
0.025,0.0,0.0,0.0
0.03,0.0,0.0,0.0
0.035,0.0,0.0,0.0
0.04,0.029411764705882353,0.0,0.0
0.045,0.026143790849673203,0.0,0.0
0.05,0.023529411764705882,0.0,0.0
0.055,0.0213903743315508,0.0,0.0
0.06,0.0196078431372549,0.0,0.0
0.065,0.018099547511312215,0.0,0.0
0.07,0.028711484593837537,0.0,0.0
0.075,0.026797385620915035,0.0,0.0
0.08,0.025122549019607844,0.0,0.0
0.085,0.02364475201845444,0.0,0.0
0.09,0.022331154684095862,0.0,0.0
0.095,0.021155830753353973,0.0,0.0
0.1,0.020098039215686276,0.0,0.0
0.105,0.019140989729225025,0.0,0.0
0.11,0.018270944741532978,0.0,0.0
0.115,0.017476555839727195,0.043478260869565216,0.0
0.12,0.016748366013071895,0.041666666666666664,0.0
0.125,0.020522875816993462,0.04,0.0
0.13,0.01973353443941679,0.038461538461538464,0.0
0.135,0.019002662793512464,0.037037037037037035,0.0
0.14,0.018323996265172733,0.03571428571428571,0.0
0.145,0.017692134324994363,0.034482758620689655,0.0
0.15,0.03464625616328402,0.03333333333333333,0.0
0.155,0.033528634996726474,0.03225806451612903,0.0
0.16,0.03248086515307877,0.03125,0.0
0.165,0.03582560084108071,0.030303030303030304,0.0
0.17,0.03477190669869598,0.029411764705882353,0.0
0.175,0.033778423650161815,0.02857142857142857,0.0
0.18,0.03284013410432399,0.027777777777777776,0.0
0.185,0.03195256291231523,0.02702702702702703,0.0
0.19,0.03637486388830693,0.02631578947368421,0.0
0.195,0.035442175070658034,0.02564102564102564,0.0
0.2,0.03705612069389159,0.025,0.0
0.205,0.03615231287208935,0.024390243902439025,0.0
0.21,0.035291543517991984,0.023809523809523808,0.0
0.215,0.03447080994780613,0.023255813953488372,0.0
0.22,0.03368738244899235,0.022727272727272728,0.0
0.225,0.03293877395012586,0.022222222222222223,0.0
0.23,0.03222271364686225,0.021739130434782608,0.0
0.235,0.03153712399480135,0.02127659574468085,0.0
0.24,0.03088010057824299,0.020833333333333332,0.0
0.245,0.030249894443993133,0.02040816326530612,0.0
0.25,0.02964489655511327,0.02,0.0
0.255,0.02906362407364046,0.0196078431372549,0.0
0.26,0.02850470822607045,0.019230769230769232,0.0
0.265,0.0306623013323171,0.018867924528301886,0.0
0.27,0.03009448093727419,0.018518518518518517,0.0
0.275,0.02954730855659648,0.01818181818181818,0.0
0.28,0.029019678046657255,0.017857142857142856,0.0
0.285,0.02851056088794397,0.017543859649122806,0.0
0.29,0.028018999493324245,0.017241379310344827,0.0
0.295,0.027544101196827226,0.01694915254237288,0.0
0.3,0.028936884695398624,0.016666666666666666,0.0
0.305,0.028462509536457663,0.01639344262295082,0.0
0.31,0.02800343680199867,0.016129032258064516,0.0
0.315,0.027558937805141546,0.015873015873015872,0.0
0.32,0.02712832940193621,0.015625,0.0
0.325,0.026710970488060266,0.01846153846153846,0.0
0.33,0.027989760497500432,0.01818181818181818,0.0
0.335,0.027572002878134754,0.01791044776119403,0.0
0.34,0.02716653224757395,0.01764705882352941,0.0
0.345,0.026772814388913456,0.017391304347826087,0.0
0.35,0.02639034561192898,0.03142857142857143,0.0
0.355,0.02601865060331026,0.03098591549295775,0.0
0.36,0.025657280456042063,0.030555555555555558,0.0
0.365,0.025305810860753817,0.030136986301369864,0.0
0.37,0.024963840443716603,0.02972972972972973,0.0
0.375,0.024630989237800383,0.029333333333333336,0.0
0.38,0.024306897274145114,0.042105263157894736,0.0
0.385,0.0239912232835718,0.04461420932009168,0.0
0.39,0.02368364349788498,0.0440422322775264,0.0
0.395,0.02338385054221555,0.043484735666418466,0.0
0.4,0.02309155241043786,0.04294117647058824,0.0
0.405,0.025549955741447538,0.042411038489469866,0.0
0.41,0.025238370915332327,0.04189383070301292,0.0
0.415,0.024934294157316274,0.04272777384045988,0.0
0.42,0.024637457322110128,0.04221910986616869,0.0
0.425,0.02434760488302648,0.04172241445597848,0.0
0.43,0.024064493198340125,0.04123727010183919,0.0
0.435,0.02378788982824426,0.04076327849147322,0.0
0.44,0.02351757289837785,0.04030005941770648,0.0
0.445,0.023253330506261244,0.03984724976132775,0.0
0.45,0.022994960167302785,0.039404502541757445,0.0
0.455,0.022742268297332426,0.03897148603030956,0.0
0.46,0.022495069728883158,0.03854788292128446,0.0
0.465,0.022253187258680116,0.038133389556539464,0.0
0.47,0.022016451224013304,0.037727715199555,0.0
0.475,0.021784699105865796,0.03733058135534916,0.0
0.48,0.0230458703949416,0.036941721132897606,0.0
0.485,0.02538560368983911,0.036560878646991445,0.0
0.49,0.02512656691749381,0.03618780845671602,0.0
0.495,0.0248727632112565,0.035822275037961315,0.0
0.5,0.024624035579143933,0.035464052287581704,0.0
0.505,0.024380233246677162,0.03511292305701159,0.0
0.51,0.024141211352101895,0.0347686787133154,0.0
0.515,0.023906830659363044,0.03443111872580748,0.0
0.52,0.023676957287638398,0.03410005027652087,0.0
0.525,0.02345146245632756,0.04036869448634155,0.0
0.53,0.0297614268888876,0.03998785774590436,0.0
0.535,0.02948328271235594,0.039614139449213666,0.0
0.54,0.0292102893539082,0.03924734186172095,0.0
0.545,0.028942305047909043,0.038887274505191395,0.0
0.55,0.028679193183837142,0.039832455126572776,0.0
0.555,0.028420822074072843,0.03947360417948654,0.0
0.56,0.028167064734125762,0.03912116128502684,0.0
0.565,0.02791779867453173,0.038774956317902703,0.0
0.57,0.027672905703702504,0.03843482512213163,0.0
0.575,0.027432271741061613,0.038100609251504394,0.0
0.58,0.03581647629501798,0.037772155723474185,0.0
0.585,0.035510352566000734,0.037449316785666716,0.0
0.59,0.035209417374763435,0.037131949694262756,0.0
0.595,0.03883510854528363,0.03681991650355467,0.0
0.6,0.0385114826407396,0.036513083866025045,0.0
0.605,0.038193205924700435,0.03621132284233889,0.0
0.61,0.03788014685974387,0.035914508720680374,0.0
0.615,0.037572178186087414,0.035622520844902486,0.0
0.62,0.03726917674910284,0.03533524245099198,0.0
0.625,0.03697102333511002,0.03505256051138404,0.0
0.63,0.036677602514990096,0.03477436558669052,0.0
0.635,0.03638880249518703,0.03450055168443311,0.0
0.64,0.03610451497569338,0.03534708755296991,0.0
0.645,0.043576572999137614,0.03507307912232673,0.0
0.65,0.04324136859145194,0.03480328620600114,0.0
0.655,0.04291128180831109,0.03453761226549732,0.0
0.66,0.04258619634006631,0.0342759636877284,0.0
0.665,0.0422659993751034,0.03401824967503871,0.0
0.67,0.04195058146931905,0.033764382140150366,0.0
0.675,0.041639836421398166,0.03351427560577888,0.0
0.68,0.04133366115359377,0.03326784710867756,0.0
0.685,0.04103195559772812,0.03424156112004975,0.0
0.69,0.040734622586150376,0.03399343386555664,0.0
0.695,0.0404415677474011,0.03651589394289353,0.0
0.7,0.04729555654920537,0.04001446462525632,0.0
0.705,0.046960127070132994,0.03973067409599918,0.0
0.71,0.04662942194992079,0.03945088061644989,0.0
0.715,0.04630334207614512,0.04616800732542577,0.0
0.72,0.045981791089505224,0.045847396163443646,0.0
0.725,0.04566467528888795,0.04553120722438541,0.0
0.73,0.04535190354033392,0.04521934964065674,0.0
0.735,0.04674406746182825,0.04491173501725092,0.0
0.74,0.046428229168167245,0.04460827734821544,0.0
0.745,0.052828039710662765,0.04430889293648245,0.0
0.75,0.05247585277925835,0.045680166983572565,0.0
0.755,0.0521283305754222,0.0453776493214297,0.0
0.76,0.05178538103216285,0.045079112154841346,0.0
0.765,0.05396074053270678,0.045718184250934824,0.0
0.77,0.05361034611366323,0.04542131292463005,0.0
0.775,0.05326447291292992,0.04512827219608405,0.0
0.78,0.05292303398400088,0.045551239112206016,0.0
0.785,0.05258594459556775,0.045261103831236556,0.0
0.79,0.058582236085469225,0.04655691962977303,0.0
0.795,0.05821379434908262,0.049199119296671735,0.0
0.8,0.05784995813440086,0.04889162480106753,0.0
0.805,0.0574906416242493,0.04920906812528451,0.0
0.81,0.05713576112039591,0.0489053084454988,0.0
0.815,0.05678523497855299,0.0486052758783485,0.0
0.82,0.05643898354575694,0.04891865834250491,0.0
0.825,0.056096929100025075,0.04862218162527761,0.0
0.83,0.0557589957921936,0.048329276916691595,0.0
0.835,0.05542510958984513,0.04870521604360428,0.0
0.84,0.05509519822323891,0.04841530404334474,0.0
0.845,0.054769191133160575,0.04812882295433086,0.0
0.85,0.05444701942061257,0.04784571223107009,0.0
0.855,0.05412861579826981,0.04756591274433869,0.0
0.86,0.05381391454362871,0.047289366740011135,0.0
0.865,0.05350285145378114,0.04701601779931743,0.0
0.87,0.053195363801747914,0.04674581080047078,0.0
0.875,0.05289139029430936,0.046478691881610947,0.0
0.88,0.05259087103127351,0.04621460840501088,0.0
0.885,0.05229374746612507,0.0459535089224967,0.0005649717514124294
0.89,0.05199996236800077,0.04569534314203323,0.0011235955056179776
0.895,0.051709459784939314,0.04544006189542969,0.0017380509000620734
0.9,0.05142218500835632,0.045187617107121755,0.002345679012345679
0.905,0.05113808453869689,0.04493796176398848,0.0029465930018416206
0.91,0.05085710605222053,0.04591205110716559,0.0035409035409035405
0.915,0.05057919836887507,0.04566116558198982,0.004302194466128892
0.92,0.05030431142121814,0.04541300707339205,0.005055210489993097
0.925,0.05003239622434669,0.04516753135948182,0.005800085800085799
0.93,0.049763404846796436,0.04492469516937708,0.006664959890766342
0.935,0.04949729038237507,0.04468445615777614,0.007698837110601815
0.94,0.04923400692289435,0.04444677288034116,0.008839918946301924
0.945,0.04897350953176792,0.04421160476986316,0.010038089309797993
0.95,0.048715754218442826,0.04397891211317967,0.011301046734483266
0.955,0.04846069791363423,0.04433038959484423,0.012550779474093303
0.96,0.04820829844533405,0.044099502149037746,0.014488615959204193
0.965,0.04795851451556548,0.04387100731924999,0.016831507413647005
0.97,0.04771130567785638,0.04364486810626416,0.019457715053131732
0.975,0.047466632315405835,0.04854925339802691,0.022908227757001274
0.98,0.047224455619919066,0.048301553125587995,0.02789338986028188
0.985,0.04749235178428496,0.04805636757672715,0.032827941180788064
0.99,0.04725249142173807,0.04781365864957196,0.037712648548561864
0.995,0.04701504171610119,0.04757338900811682,0.04254826337997613
1.0,0.04733552206307624,0.04733552206307624,0.04733552206307625
